{
  "IsEncrypted": false,
  "Values": {
    "AzureWebJobsStorage": "UseDevelopmentStorage=true",
    "FUNCTIONS_WORKER_RUNTIME": "node",
    
    "COSMOSDB_CONNECTION_STRING": "AccountEndpoint=https://your-cosmos-account.documents.azure.com:443/;AccountKey=your-key;",
    "REDIS_CONNECTION_STRING": "your-redis-connection-string",
    "BLOB_STORAGE_CONNECTION_STRING": "DefaultEndpointsProtocol=https;AccountName=your-storage-account;AccountKey=your-key;EndpointSuffix=core.windows.net",
    
    "POKEMON_TCG_API_KEY": "your-pokemon-tcg-api-key",
    "POKEMON_TCG_API_BASE_URL": "https://api.pokemontcg.io/v2",
    "POKEDATA_API_KEY": "your-pokedata-api-key",
    "POKEDATA_API_BASE_URL": "https://www.pokedata.io/v0",
    
    "ENABLE_REDIS_CACHE": "true",
    "CACHE_TTL_SETS": "604800",
    "CACHE_TTL_CARDS": "86400",
    "CACHE_TTL_PRICING": "3600",
    
    "ENABLE_CDN_IMAGES": "true",
    "CDN_ENDPOINT": "https://your-cdn-endpoint.azureedge.net",
    "IMAGE_SOURCE_STRATEGY": "hybrid",
    
    "IMPORT_BATCH_SIZE": "100",
    "IMPORT_RETRY_COUNT": "3",
    "IMPORT_RETRY_DELAY": "1000"
  },
  "Host": {
    "CORS": "*",
    "CORSCredentials": false
  }
}
